<?xml version="1.0" encoding="UTF-8"?>
<Dictionary Date="2009-08-28 19:47" IntegrID="1">
	<Firms>
		<Firm ID="1">Аренда и продажа коммерческой недвижемости</Firm>
		<FirmTitle>ЦЕНТ КОММЕРСЧЕСКОЙ НЕДВИЖИМОСТИ</FirmTitle>
		<FirmUrl>http://www.centrkom.ru</FirmUrl>
		<FirmEmail>4486461@mail.ru</FirmEmail>
		<FirmPhone>(812)4486461</FirmPhone>
		<FirmLogo></FirmLogo>
	</Firms>
	<ObjectTypes>
		<ObjectType ID="0">Офисные помещения</ObjectType>
		<ObjectType ID="1">Торговые помещения</ObjectType>
		<ObjectType ID="2">Складские помещения</ObjectType>
		<ObjectType ID="3">Земельные участки</ObjectType>
		<ObjectType ID="4">Отдельно стоящие здания</ObjectType>
	</ObjectTypes>
	<DealTypes>
		<DealType ID="0">Арендовать</DealType>
		<DealType ID="1">Купить</DealType>
		<DealType ID="2">Продать</DealType>
		<DealType ID="3">Сдать в аренду</DealType>
	</DealTypes>
	<Regions>
		<Region ID="0">Санкт-Петербург</Region>
		<Region ID="1">Санкт-Петербург</Region>
	</Regions>
	<Districts>
		<District ID="2" Region="0">Адмиралтейский </District>
		<District ID="3" Region="0">Василеостровский </District>
		<District ID="4" Region="1">Всеволожский </District>
		<District ID="5" Region="0">Выборгский </District>
		<District ID="6" Region="0">Калининский </District>
		<District ID="7" Region="0">Кировский </District>
		<District ID="8" Region="0">Колпинский </District>
		<District ID="9" Region="0">Красногвардейский </District>
		<District ID="10" Region="0">Красносельский </District>
		<District ID="11" Region="0">Кронштадтский </District>
		<District ID="12" Region="0">Курортный </District>
		<District ID="14" Region="0">Московский </District>
		<District ID="15" Region="0">Невский </District>
		<District ID="16" Region="0">Павловский </District>
		<District ID="17" Region="0">Петроградский </District>
		<District ID="18" Region="0">Петродворцовый </District>
		<District ID="19" Region="0">Приморский </District>
		<District ID="20" Region="0">Пушкинский </District>
		<District ID="21" Region="0">Фрунзенский </District>
		<District ID="22" Region="0">Центральный </District>
		<District ID="23" Region="0">Ломоносовский</District>
		<District ID="27" Region="1">Тосненский</District>
	</Districts>
	<Metros>
		<Metro ID="2" Region="0">Автово</Metro>
		<Metro ID="3" Region="0">Академическая</Metro>
		<Metro ID="4" Region="0">Балтийская</Metro>
		<Metro ID="5" Region="0">Василеостровская</Metro>
		<Metro ID="6" Region="0">Владимирская</Metro>
		<Metro ID="7" Region="0">Выборгская</Metro>
		<Metro ID="8" Region="0">Горьковская</Metro>
		<Metro ID="9" Region="0">Гостиный двор</Metro>
		<Metro ID="10" Region="0">Гражданский пр.</Metro>
		<Metro ID="11" Region="0">Девяткино</Metro>
		<Metro ID="12" Region="0">Достоевская</Metro>
		<Metro ID="13" Region="0">Елизаровская</Metro>
		<Metro ID="14" Region="0">Звездная</Metro>
		<Metro ID="15" Region="0">Кировский завод</Metro>
		<Metro ID="16" Region="0">Комендатский Проспект</Metro>
		<Metro ID="17" Region="0">Крестовский Остров</Metro>
		<Metro ID="18" Region="0">Купчино</Metro>
		<Metro ID="19" Region="0">Ладожская</Metro>
		<Metro ID="20" Region="0">Ленинский пр.</Metro>
		<Metro ID="21" Region="0">Лесная</Metro>
		<Metro ID="22" Region="0">Лиговский пр.</Metro>
		<Metro ID="23" Region="0">Ломоносовская</Metro>
		<Metro ID="24" Region="0">Маяковская</Metro>
		<Metro ID="25" Region="0">Московская</Metro>
		<Metro ID="26" Region="0">Московские ворота</Metro>
		<Metro ID="27" Region="0">Нарвская</Metro>
		<Metro ID="28" Region="0">Невский пр.</Metro>
		<Metro ID="29" Region="0">Новочеркасская</Metro>
		<Metro ID="30" Region="0">Обухово</Metro>
		<Metro ID="31" Region="0">Озерки</Metro>
		<Metro ID="32" Region="0">Парк победы</Metro>
		<Metro ID="33" Region="0">Парнас</Metro>
		<Metro ID="34" Region="0">Петроградская</Metro>
		<Metro ID="35" Region="0">Пионерская</Metro>
		<Metro ID="36" Region="0">Пл.Александра Невского</Metro>
		<Metro ID="37" Region="0">Пл.Восстания</Metro>
		<Metro ID="38" Region="0">Пл.Ленина</Metro>
		<Metro ID="39" Region="0">Пл.Мужества</Metro>
		<Metro ID="40" Region="0">Политехническая</Metro>
		<Metro ID="41" Region="0">Приморская</Metro>
		<Metro ID="42" Region="0">Пролетарская</Metro>
		<Metro ID="43" Region="0">Проспект Большевиков</Metro>
		<Metro ID="44" Region="0">Проспект Ветеранов</Metro>
		<Metro ID="45" Region="0">Проспект Просвещения</Metro>
		<Metro ID="46" Region="0">Пушкинская</Metro>
		<Metro ID="47" Region="0">Рыбацкое</Metro>
		<Metro ID="48" Region="0">Садовая</Metro>
		<Metro ID="49" Region="0">Сенная пл.</Metro>
		<Metro ID="50" Region="0">Спортивная</Metro>
		<Metro ID="51" Region="0">Старая Деревня</Metro>
		<Metro ID="52" Region="0">Технологический инст.</Metro>
		<Metro ID="53" Region="0">Удельная</Metro>
		<Metro ID="54" Region="0">Ул. Дыбенко</Metro>
		<Metro ID="55" Region="0">Фрунзенская</Metro>
		<Metro ID="56" Region="0">Черная речка</Metro>
		<Metro ID="57" Region="0">Чернышевская</Metro>
		<Metro ID="58" Region="0">Чкаловская</Metro>
		<Metro ID="59" Region="0">Электросила</Metro>
		<Metro ID="61" Region="0">Волковская</Metro>
		<Metro ID="64" Region="0">Звенигородская</Metro>
	</Metros>
</Dictionary>
